index,rating,title,text,actual_sentiment,predicted_sentiment,correct,llm_emotion,llm_confidence,nrc_emotion,anger,anticipation,disgust,fear,joy,sadness,surprise,trust
0,5.0,Kid get to choose!,My grandkids love being able to buy what they want exactly!,POSITIVE,POSITIVE,True,joy,0.95,joy,0,0,0,0,1,0,0,0
1,5.0,Cute presentation,The Snowman tin is a very cute way to give a gift card.  This was the second one that I bought.,POSITIVE,POSITIVE,True,joy,0.9,anticipation,0,1,0,0,1,0,1,0
2,5.0,Five Stars,great,POSITIVE,POSITIVE,True,joy,0.95,,0,0,0,0,0,0,0,0
3,1.0,Doesn’t show card amounts and ENVELOPES DONT OPEN,[[VIDEOID:a01bdd0dd3c665f4a16439873c8c7a20]] I bought multiple cards with different amounts on them. They are not labeled as to how much each one is. Plus they don’t open! One is ripped.,NEGATIVE,NEGATIVE,True,anger,0.95,trust,0,0,0,0,0,0,0,2
4,5.0,Can you go wrong?,What’s not to like about an Amazon gift card!,POSITIVE,POSITIVE,True,joy,0.95,anticipation,0,1,0,0,1,0,1,0
5,5.0,awesome and on time!,awesome and on time!,POSITIVE,POSITIVE,True,joy,0.95,anticipation,0,2,0,0,0,0,0,0
6,5.0,Great!,"Easy,  no hassle.  I got it for a gift for  someone.",POSITIVE,POSITIVE,True,joy,0.9,anticipation,0,1,0,0,1,0,1,0
7,1.0,Didn't Get Gift I Ordered,"I purchased the ""Dad"" design gift card for Father's Day and inserted a  gift message for my Father.  Unfortunately, not only did my father receive the standard plane gift card, the gift message was also not inserted.  Not the Father's Day present I was looking for.",NEGATIVE,NEGATIVE,True,sadness,0.95,anticipation,0,6,0,0,6,0,6,3
8,1.0,Worst item ever,No one would let you use tbem I got stuck with 700 gift cards was able to pay directv with the,NEGATIVE,NEGATIVE,True,anger,0.95,anticipation,0,2,0,0,2,0,1,1
9,3.0,OK,OK,NEUTRAL,NEUTRAL,True,trust,0.8,,0,0,0,0,0,0,0,0
10,1.0,REALLY?!?!?!?,you actually want a review on a gift card?!?!?!,NEGATIVE,NEUTRAL,False,surprise,0.7,anticipation,0,1,0,0,1,0,1,0
11,1.0,Would give them 0 stars if possible.,"First of all, Fandango does NOT allow you to register gift cards into the system so you have to remember a 19 digit number plus a pin every time you buy a ticket. Then, God forbid, if you should misplace a card or need assistance; I had to wait 20 MINUTES to get someone on live chat and THEN she kept telling me she couldn't help me and finally just ended the chat while I was still typing information to her! WTF. She did, however, provide a phone number to call for customer service. Which I used and got SOME satisfaction. James, a very polite young man, took the information and said that that ""Gift Cards"" was a different department and it would take 7 - 10 days to get an email back to me to resolve the issue. We'll see in 7-10 days. UPDATE:  NO LUCK.  I will Never give or ask for Fandango gift cards again.",NEGATIVE,NEGATIVE,True,anger,0.98,anticipation,1,9,2,1,7,1,6,5
12,2.0,IMPORTANT IF YOU'RE USING IN RESTAURANT!!!,"Card worked great except for two things that aren't ANYWHERE in any of the fine print, and I had to get on phone for 20 minutes with 2 people! First, you have to call ahead & set up PIN to be able to use at debit store. Second & most important....EVEN AT A CORNER DELI OR SUBWAY, IF YOU USE IT IN A RESTAURANT OF ANY KIND, THERES A $1.50 FEE! SO REMEMBER TO SUBTRACT IT WHEN FIGURING YOUR TOTAL!!!!!!!🙄😡😡😡",NEGATIVE,NEGATIVE,True,anger,0.95,trust,1,1,0,0,1,0,0,3
13,3.0,Looks like it’s been ran over,"I’m assuming the codes are still good however, the outside packaging looks like it has been run over several times and covered in black smudges.",NEUTRAL,NEGATIVE,False,disgust,0.8,anticipation,0,1,0,0,1,1,1,1
14,5.0,Perfect Gift,Came in great time for Christmas and made a 10 year old very happy.,POSITIVE,POSITIVE,True,joy,0.95,anticipation,0,4,0,0,3,0,1,2
15,3.0,It came as it should.,What can I say. It is a gift card.,NEUTRAL,NEUTRAL,True,trust,0.8,anticipation,0,1,0,0,1,0,1,0
16,3.0,EH..,The gift card came a little torn and messed up,NEUTRAL,NEGATIVE,False,disgust,0.8,anticipation,0,1,0,0,1,0,1,0
17,4.0,Four Stars,Christmas stocking stuffers.,POSITIVE,NEUTRAL,False,anticipation,0.7,,0,0,0,0,0,0,0,0
18,1.0,Fools Gold,"Amazon fooled me on this one, they won't get another chance. Not reloadable. Complete waste of money!!!!",NEGATIVE,NEGATIVE,True,anger,0.98,surprise,1,1,1,0,1,0,2,1
19,3.0,Ok,Ok,NEUTRAL,NEUTRAL,True,trust,0.7,,0,0,0,0,0,0,0,0
20,3.0,No title,This gift card isn’t accepted at gas stations.,NEUTRAL,NEGATIVE,False,anger,0.8,anticipation,0,1,0,0,1,0,1,1
21,1.0,One Star,I can't find my current balance.,NEGATIVE,NEGATIVE,True,anger,0.8,anticipation,0,1,0,0,1,0,0,1
22,5.0,It’s a gift card,It’s a gift card,POSITIVE,NEUTRAL,False,trust,0.9,anticipation,0,2,0,0,2,0,2,0
23,4.0,Window at Back,The snowflake gift tin is cute in the front but I don’t like the window at the back. Presumably it exists so the card can be activated at the warehouse but it makes the tin less giftable.,POSITIVE,NEGATIVE,False,sadness,0.7,anticipation,0,1,0,0,1,0,1,1
24,1.0,DON'T BUY THESE.,"This purchase has been a disaster.  First, they sent me only 2 $100 gift cards and 1 $25 gift card.  I notified them and they credited my account for the 1 $100 card I didn't receive.  Because they weren't used right away I didn't realize that the other 2 $200 gift cards had not been activated. Only the $25 was activated.  I gave 1 of the $100 to my daughter-in-law for her birthday and when she tried to use it, it didn't work.  She returned it to me and I tried the $100 card I had and it didn't work either.  I've been on the phone with Amazon for two hours trying to resolve this issue and each time I think it's been resolved, it is not.  I'vd been transferred and explained the situation so many times, I could cry.",NEGATIVE,NEGATIVE,True,anger,0.98,anticipation,1,5,1,1,5,2,5,2
25,5.0,A 5-star no brainer.,Amazon gift card in a gift box with free one day shipping? I'd give this 10 stars if that were possible. But I think the service speaks for itself.,POSITIVE,POSITIVE,True,joy,0.95,anticipation,0,3,0,0,3,0,2,1
26,3.0,"Meh, it's okay!","The process was easy enough, and it served my purpose.",NEUTRAL,NEUTRAL,True,trust,0.6,,0,0,0,0,0,0,0,0
27,5.0,Five Stars,Great transaction and product.,POSITIVE,POSITIVE,True,joy,0.95,trust,0,0,0,0,0,0,0,1
28,5.0,Always a good choice.,"This was a gift for a family member who could use it in so many ways..for clothing, books, personal care, etc. Who can't find something they need at Amazon?",POSITIVE,POSITIVE,True,trust,0.95,anticipation,0,2,0,0,2,0,2,2
29,1.0,Cool,My Dad love it,NEGATIVE,POSITIVE,False,joy,0.9,joy,0,0,0,0,1,0,0,0
30,3.0,EAST COAST ONLY OPERATION.,"Nothing wrong with that, just thought it needed to be stated where people could easily see it. Lightning deals on something regional might trick the less attentive into wasting their hard-earned FRNs on something they will never use. Neutral 3-star rating given.",NEUTRAL,NEUTRAL,True,anticipation,0.9,fear,2,3,1,4,1,2,2,4
31,3.0,Three Stars,its a pain to use if traveling,NEUTRAL,NEGATIVE,False,anger,0.9,fear,0,0,0,1,0,1,0,0
32,3.0,Three Stars,Works.,NEUTRAL,NEUTRAL,True,trust,0.7,,0,0,0,0,0,0,0,0
33,5.0,Great,Great,POSITIVE,POSITIVE,True,joy,0.95,,0,0,0,0,0,0,0,0
34,3.0,what I wanted,great gift,NEUTRAL,POSITIVE,False,joy,0.9,anticipation,0,1,0,0,1,0,1,0
35,5.0,Great gift,Great gift and great presentation,POSITIVE,POSITIVE,True,joy,0.95,anticipation,0,2,0,0,2,0,2,0
36,5.0,I got free 10 dollars so it was good,Like it,POSITIVE,POSITIVE,True,joy,0.9,anticipation,0,1,0,0,1,0,1,1
37,5.0,This is a Blunt Review,"It's just a pack of 3 gift cards in an envelope like casing, nothing serious! There is nothing wrong with it and it's so easy to fill, anyone can use! The main reason I got it was that it was a free add-on. I'll be saving it in case I need it as a last minute gift.",POSITIVE,POSITIVE,True,trust,0.6,anticipation,0,2,0,1,2,1,2,1
38,1.0,One Star,I didn't know the was a charge,NEGATIVE,NEGATIVE,True,surprise,0.8,anticipation,0,1,0,0,1,0,0,1
39,5.0,Cute Holder,Very Cute to Give A Gift Card With!,POSITIVE,POSITIVE,True,joy,0.9,anticipation,0,1,0,0,1,0,1,0
40,4.0,Amazon product... has to be nice,Bought these gift cards for my kids teachers. Look good. Better than giving other companies gift cards.,POSITIVE,POSITIVE,True,trust,0.9,anticipation,0,3,0,0,3,0,3,1
41,3.0,Easy to get,Quick and easy,NEUTRAL,POSITIVE,False,trust,0.9,,0,0,0,0,0,0,0,0
42,3.0,😁😁😁,Accidentally bought this but pretty cool,NEUTRAL,POSITIVE,False,joy,0.8,anticipation,0,1,0,0,1,0,1,1
43,3.0,Annoying to use,I used most of this gift card with a small amount left. The small amount is still saved to my account but it doesn't automatically apply to my future orders. I'm not sure how to redeem the remaining amount on the gift card..,NEUTRAL,NEGATIVE,False,anger,0.8,anticipation,1,2,0,0,2,0,2,1
44,5.0,Card,It’s a gift card,POSITIVE,NEUTRAL,False,trust,0.95,anticipation,0,1,0,0,1,0,1,0
45,1.0,Don’t buy gift cards on line. No refund.,Card was opened and resealed .,NEGATIVE,NEGATIVE,True,anger,0.95,anticipation,0,1,0,0,1,0,1,1
46,3.0,kind of confusing,its okay kind of confusing,NEUTRAL,NEUTRAL,True,surprise,0.7,joy,0,0,0,0,2,0,0,2
47,5.0,Excellent!,I love dealing with Anazon. You always make everything right. Can't imagine shopping any other way now.,POSITIVE,POSITIVE,True,joy,0.98,joy,0,1,0,0,3,0,1,2
48,5.0,Cool,Very good,POSITIVE,POSITIVE,True,joy,0.95,anticipation,0,1,0,0,1,0,1,1
49,1.0,I don't get the $10 when I buy a $100 gift card,"I have purchased $100 gift cards at least two time and still have not gotten the $10.00 it said I would.  Nor, last time I changed to a debit card and do not see the addl 2%. I have tried to find a customer service contact but I don't ask my question the way the robo service rep can understand.  Any help with this would be appreciated.  PS the robo customer service thing is really not that great.",NEGATIVE,NEGATIVE,True,anger,0.95,anticipation,0,4,0,0,2,0,2,0
50,1.0,What happened to my $100?,I paid $100 to reload my prime visa from chase and when I ordered from Amazon there was no funds to cover my purchase order.,NEGATIVE,NEGATIVE,True,anger,0.95,trust,0,0,0,0,0,0,0,1
51,2.0,At your own risk!,[[VIDEOID:189191415d98b92664fb5ef6c3d91df]] Not worth it!  I didn't receive all my things I ordered when using the card I loaded $100 onto! And then trying to get them to send replacements or get your money back is a complete nightmare.,NEGATIVE,NEGATIVE,True,anger,0.95,anticipation,1,2,0,2,1,0,1,1
52,5.0,Easy to reloadI’ll do it again,Easy to reload,POSITIVE,POSITIVE,True,trust,0.9,,0,0,0,0,0,0,0,0
53,1.0,The card was a gift to me but I was charged $50 to use,Card was a gift.  Tried to put on my Amazon acct.  had difficulty called Amazon.  Walked me thru process. Charged $50 on my acct.  Why?  This card now cost $100.  Outrageous.  Never purchase an Amazon card again,NEGATIVE,NEGATIVE,True,anger,0.95,surprise,1,2,0,1,2,1,3,0
54,5.0,Awesome,Simple and easy,POSITIVE,POSITIVE,True,joy,0.95,,0,0,0,0,0,0,0,0
55,2.0,Have to contact Amazon as only one card came in ...,Have to contact Amazon as only one card came in the box.  Hoping they can cancel the one serial number and reissue.,NEGATIVE,NEGATIVE,True,anger,0.9,anticipation,0,1,0,0,0,1,0,0
56,5.0,Five Stars,Well received as always :-),POSITIVE,POSITIVE,True,joy,0.95,,0,0,0,0,0,0,0,0
57,3.0,"A good product, but a little hard to open.",These were ok but seemed a little expensive and were hard to open and put in the gift card.,NEUTRAL,NEUTRAL,True,trust,0.6,anticipation,0,2,0,0,2,0,2,1
58,5.0,Five Stars,Easy and accurate!,POSITIVE,POSITIVE,True,joy,0.95,trust,0,0,0,0,0,0,0,1
59,5.0,Good job.,Everything good.,POSITIVE,POSITIVE,True,joy,0.9,anticipation,0,2,0,0,2,0,2,2
60,5.0,Buy again and again,These egg cards were adorable and high quality.,POSITIVE,POSITIVE,True,joy,0.95,joy,0,0,0,0,1,0,0,0
61,1.0,Disappointed,Product didn’t come in the box nor did it have the names anywhere. Very disappointed.,NEGATIVE,NEGATIVE,True,sadness,0.95,anger,2,0,2,0,0,2,0,0
62,3.0,Gift card was lost for 3 days,Gift card was lost for 3 days,NEUTRAL,NEGATIVE,False,anger,0.8,anticipation,0,2,0,0,2,2,2,0
63,1.0,Dented snowflake tin,"The snowflake tin for the gift card was completely dented, not able to give as a gift which was the whole point",NEGATIVE,NEGATIVE,True,anger,0.95,anticipation,0,2,0,0,2,0,2,0
64,5.0,Packaged to gift,Gifts for the grandkids. Loved that they come already packaged to give. No need to buy card or wrapping paper to place gift cards. One gift card box was also a Christmas ornament  - very cool for a teenager.,POSITIVE,POSITIVE,True,joy,0.95,anticipation,0,3,0,0,3,0,3,0
65,5.0,It was a gift,Gave to my grandson for Christmas,POSITIVE,NEUTRAL,False,trust,0.9,anticipation,0,1,0,0,1,0,1,0
66,1.0,1 card missing.,I only received 19 cards.,NEGATIVE,NEGATIVE,True,sadness,0.95,fear,0,0,0,1,0,1,0,0
67,1.0,Hi,Not,NEGATIVE,NEUTRAL,False,anticipation,0.1,,0,0,0,0,0,0,0,0
68,1.0,One Star,non were authorized,NEGATIVE,NEGATIVE,True,anger,0.8,anticipation,0,1,0,0,1,0,0,1
69,3.0,great food.,"Want a five,give a 20%discount,great food.",NEUTRAL,POSITIVE,False,joy,0.8,joy,0,0,0,0,2,0,0,2
70,3.0,Christmas Foil Gift Card Holders,Serves the purpose at a good price. The only down side is the gift cards just rattle around in the container as there is no slots or packing to hold the gift card.,NEUTRAL,NEUTRAL,True,trust,0.6,anticipation,0,4,0,0,4,0,4,1
71,3.0,Gift box is filthy and crinkled,"The box is smashed and dirty.  Looks like someone slid it around on the ground and then packaged it up and sent it to me.  I will buy the gift cards from local stores from now on.  This is a gift and I am too ashamed to present it in the gift box.  The card itself is okay, but ordering it in the gift box was kind of the point.",NEUTRAL,NEGATIVE,False,disgust,0.95,joy,0,6,3,0,7,1,6,3
72,1.0,Received as a gift and had NOTHING ON IT.,"Received from my sister as a gift and went to use it, turns out it was never activated. Customer service from the card says Amazon has to activate it but it should have already been activated when it was scanned and packaged. I called Amazon and so has my sister, they can’t do anything because the card restrictions set. The sellers website says an activation code comes with the card but there is not a single thing on this card stating it needs activated nor a code on the card for activation. Overall my sister just lost $206 on a card with zero funds and I cannot purchase the items needed for my children.",NEGATIVE,NEGATIVE,True,anger,0.98,anticipation,0,2,0,0,2,1,2,0
73,5.0,Fast Delivery,This arrived to its destination very quickly.  Impressive!,POSITIVE,POSITIVE,True,joy,0.95,anticipation,0,2,0,1,1,1,1,0
74,1.0,DO NOT BUY!,Fraud alert!!!!<br />It had a zero balance on the gift card!,NEGATIVE,NEGATIVE,True,anger,0.95,anger,1,1,0,0,1,0,1,0
75,1.0,These gift cards came with a 0.00 balance,"I bought these gift cards as incentive for my employees, imagine how awful it was to find out... all of the $ we spent for these gift cards was to receive 5 sets of gift cards that all have a 0.00 balance.<br /><br />*They sent over 1 set of replacement cards. Still haven't heard from the company at all. Still at a loss for all 4 other sets.",NEGATIVE,NEGATIVE,True,anger,0.95,anticipation,2,4,1,2,4,2,4,0
76,3.0,Cards NOT as pictured,"Received plain white cards with white cardboard packaging and the $10 at the top left of the cardboard wrap was written in sharpie.  I checked the first 2 cards to ensure they had a $10 balance on them, which they did.  What I received was NOT what is pictured.",NEUTRAL,NEGATIVE,False,anger,0.9,anticipation,0,3,0,0,2,0,0,3
77,3.0,The product would benefit me.,Transportation. You should have more than $50.00.  this amount won't take you far.,NEUTRAL,NEGATIVE,False,sadness,0.7,,0,0,0,0,0,0,0,0
78,5.0,Got what I expected.,Never can go wrong with gift cards,POSITIVE,POSITIVE,True,trust,0.9,anticipation,0,2,0,0,1,0,1,0
79,5.0,Easy way to reload your account,This is easy way to keep some money in your amazon account and don't have to worry about choose the wrong card since I have a few attached to my profile.,POSITIVE,POSITIVE,True,trust,0.9,trust,1,2,0,1,1,1,1,3
80,1.0,where is the card I have not recieved,where is the card I have not recieved<br />where is the card I have not recieved<br />where is the card I have not recieved,NEGATIVE,NEGATIVE,True,anger,0.95,,0,0,0,0,0,0,0,0
81,5.0,USEFUL,Nice offer; will try it again,POSITIVE,POSITIVE,True,trust,0.9,,0,0,0,0,0,0,0,0
82,5.0,This gift card arrived on time in a beautiful box for gift giving,This gift card arrived on time in a beautiful box for gift giving.  Very pleased and would recommend Amazon and Amazon Prime for all your needs.,POSITIVE,POSITIVE,True,joy,0.95,joy,0,6,0,0,7,0,4,1
83,3.0,Three Stars,Not nearly large enough!  ;-D<br />Seriously....  A review for reloading my gift card balance?,NEUTRAL,NEUTRAL,True,surprise,0.6,anticipation,0,1,0,0,1,0,1,0
84,3.0,High purchase fee,"Convenient gift card. Can be used anywhere, but the purchase fee is high.",NEUTRAL,NEGATIVE,False,sadness,0.6,anger,2,1,0,0,1,0,1,0
85,5.0,Best gift card,Easy and fast to use,POSITIVE,POSITIVE,True,joy,0.95,anticipation,0,1,0,0,1,0,1,0
86,3.0,Flimsy card,Card was flimsy cardboard. Not your typical plastic card.,NEUTRAL,NEGATIVE,False,disgust,0.9,,0,0,0,0,0,0,0,0
87,1.0,I agree with the other disappointed reviewers.,"I agree with the other disappointed reviewers...don't purchase this gift card.  Tickets are available online only.  Only two theaters in my area offer tickets using this card (Celebration Cinema does not), and I was charged a $2.70 fee when purchasing two tickets, leaving me $0.30 on the card which is totally unusable. Fandango should be ashamed!",NEGATIVE,NEGATIVE,True,anger,0.95,anger,3,2,3,0,2,3,2,1
88,1.0,MUST BE USED AT AMAZON,Have to use it on purchases thru Amazon.,NEGATIVE,NEUTRAL,False,anticipation,0.9,,0,0,0,0,0,0,0,0
89,3.0,Great delivery,Received ahead of time. Nice size. Can’t wait to try,NEUTRAL,POSITIVE,False,anticipation,0.95,anticipation,0,3,0,0,0,0,0,0
90,3.0,Three Stars,I wish this product had an electronic delivery option.,NEUTRAL,NEUTRAL,True,anticipation,0.6,anticipation,0,1,0,0,0,0,0,0
91,3.0,I love it!,It’s great!,NEUTRAL,POSITIVE,False,joy,0.98,joy,0,0,0,0,1,0,0,0
92,5.0,Easy gift giving,It was a gift,POSITIVE,NEUTRAL,False,trust,0.8,anticipation,0,2,0,0,2,0,2,0
93,3.0,Deivered to wrong door!,"I instructed the package be placed between the door and screen door. When I saw it was delivered, I looked and no package. I looked in my mail box, all around the yard and began to panic. My neighbor, who is in her late 90's came home and I was explaining what happened. When she opened her door, there was my package. It clearly stated to deliver to 116 and it was delivered to 117. Thank God she is an honest and Godly woman.. I think the person that delivered it should be told to be more careful where he delivers his packages. This turned out ok but had it been a dishonest person I would have lost 100.00. I should be compensated for the panic I went through, but am thankful for my neighbor being such a sweet lady. 117 looks a lot different than 116. I love the gift box, but am leary about ordering again.",NEUTRAL,NEGATIVE,False,fear,0.8,joy,2,6,2,4,7,4,2,6
94,3.0,Three Stars,Tree hangers,NEUTRAL,NEUTRAL,True,trust,0.5,anger,1,1,1,0,1,0,1,1
95,3.0,Opp’s,I purchased by mistake? Important to read all the details?,NEUTRAL,NEGATIVE,False,sadness,0.6,sadness,0,0,0,0,0,1,0,1
96,3.0,Fast shipping,"I saw pics from other customers 's showing it very big box.  When I got mine, it is very small tight box.  But fast shipping. Thank you .",NEUTRAL,NEUTRAL,True,surprise,0.6,,0,0,0,0,0,0,0,0
97,3.0,Works ok,"Easy process, but didn't get my $5 credit!",NEUTRAL,NEGATIVE,False,anger,0.7,trust,0,0,0,0,0,0,0,1
98,2.0,"Bought to get a bonus that never came, so I'd have been better to hang on to my money","I got this to take up an offer of a $5 bonus that never materialized.<br /><br />No doubt there was something in the small print that rendered the products I bought with it ineligible, but there seems no point in keeping my money in Amazon's bank account instead of my own.<br /><br />Amazon should make the eligibility criteria crystal clear. I tried to find them but couldn't so took the chance. Never again.",NEGATIVE,NEGATIVE,True,anger,0.95,trust,2,4,0,1,4,1,5,5
99,3.0,Item delivered damaged and bent,Had to get refund no exchange,NEUTRAL,NEGATIVE,False,anger,0.95,trust,0,0,0,0,0,0,0,1
100,1.0,Damaged gift card packaging,I purchased 5 gift cards and two of them came in damaged envelopes. Since they are gift cards I cannot return them.,NEGATIVE,NEGATIVE,True,anger,0.9,anticipation,0,3,0,0,3,0,3,0
101,3.0,You can usr it purchasr amazon coins for apps even tho not transferrable can be used for both that way,Was confusing on how to usr and for what but great to have control on spending limit and not have card accessable,NEUTRAL,POSITIVE,False,trust,0.7,,0,0,0,0,0,0,0,0
102,4.0,"Reloading card, it's good.","It's great, I'm still getting the hang of it though. I sometimes have trouble redeeming/reloading cards that I buy. It's easy once you get the hang of it.",POSITIVE,POSITIVE,True,trust,0.7,anticipation,0,1,0,0,1,0,1,1
103,5.0,xr case,I love the case and its versatility,POSITIVE,POSITIVE,True,joy,0.95,fear,0,0,0,2,1,2,0,0
104,4.0,Easy-to-use,Outdoors for deck easy to use.,POSITIVE,POSITIVE,True,trust,0.9,,0,0,0,0,0,0,0,0
105,1.0,Didn't get $10 bonus for buying $50 worth of this and 3 other gift card products.,"I purchased 3 gift cards worth $20 each of 4 different designs, and it was advertised that, in doing so, I would receive $10 credit on each of the sets of 3, meaning I should now show $40 credit for my purchase.  All I got credit for was the dollar amount of the entire purchase.",NEGATIVE,NEGATIVE,True,anger,0.95,trust,0,3,0,0,3,0,3,4
106,1.0,Worthless,I hate it !! The card was activated the day after purchase and spent before delivery no refund available so my Grandson who's father committed suicide in July was very disappointed<br />HOLIDAYS ARE VERY HARD ALREADY<br />Do not purchase,NEGATIVE,NEGATIVE,True,anger,0.95,anger,4,1,3,2,0,4,0,2
107,5.0,"A wonderful way to send a gift of cash, delivered nearly instantly, too.",Above.,POSITIVE,POSITIVE,True,joy,0.95,joy,1,2,0,1,3,0,2,2
108,1.0,Restaurant Closed,"Don't purchase these gift cards!!!  Lone Star has closed all locations in CA and according to their website, there are no locations left!!!!",NEGATIVE,NEGATIVE,True,anger,0.95,anticipation,0,2,0,0,2,1,1,1
109,5.0,Good to have,It's nice to just add more money to your card very fast convenient,POSITIVE,POSITIVE,True,joy,0.9,anticipation,1,2,0,0,2,0,2,2
110,1.0,what happened to Amazon?,I've bought these every year at Christmas time and have always been very satisfied.  This year they shorted me a card and when I called to have it replaced they deactivated one of the cards that I had. They did not send a replacement until several days later when I called back. When they did send the replacement they deactivated a second gift card. So needless to say I ended up giving deactivated git cards for Christmas.  I have been on the phone with Amazon 6 different times now and they can't seem to get it right. Looks like my Amazon Christmas shopping has come to an end. Was good while it lasted.,NEGATIVE,NEGATIVE,True,anger,0.95,anticipation,0,4,0,0,4,0,3,2
111,5.0,Five Stars,"Cute packaging, arrived quickly!",POSITIVE,POSITIVE,True,joy,0.95,,0,0,0,0,0,0,0,0
112,2.0,Support,Very hard time with support,NEGATIVE,NEGATIVE,True,anger,0.9,anticipation,0,1,0,0,0,0,0,0
113,1.0,Dislike,Dislike,NEGATIVE,NEGATIVE,True,disgust,0.95,anger,2,0,2,0,0,0,0,0
114,2.0,Didn't get the promotional credit on prime day when getting the card,It would be a five star rating but I didn't get the promotional credit on prime day when getting the card when buying the card.  I had added the coupon code to the cart but apparently it didn't hold throughout the checkout process,NEGATIVE,NEGATIVE,True,sadness,0.75,trust,1,1,0,1,1,1,0,3
115,3.0,Not Exciting,The box shown on app was looking better but when I received I found it very tiny and also the Gift message was missing,NEUTRAL,NEGATIVE,False,sadness,0.95,joy,0,2,0,1,3,1,2,1
116,3.0,Bummer,"I thought this would be a hit for several people but not so.  The quality differs tremendously by store.  For instance, the one in Highlands, N. C. is excellent - ingredients always fresh; very clean, etc.  We stopped at several in Fla. and were very disappointed.  The veggies looks &#34;whipped out&#34; and the over-all ambience of the place was negative.  No ore SUBWAY gift certs.",NEUTRAL,NEGATIVE,False,sadness,0.8,anger,3,3,2,0,3,2,1,2
117,1.0,Can`t use go back to the system,"I spent all afternoon trying to reload my wife`s account and never accomplished it, go back to the old system or I will go to Walmart.  I am not spending 2hrs to send you money.",NEGATIVE,NEGATIVE,True,anger,0.95,trust,1,1,0,0,2,0,1,4
118,3.0,amount of gift card not printed,The amount of the gift was not printed on the card so I enclosed a note.  Past orders have had the amount on the card.  The graduation box is great.,NEUTRAL,NEUTRAL,True,trust,0.6,anticipation,0,3,0,1,3,0,3,1
119,1.0,WARNING: DO NOT BUY,"After registering the card, I still couldn’t use the card. Kept saying invalid.",NEGATIVE,NEGATIVE,True,anger,0.98,fear,0,0,0,1,0,1,0,0
120,5.0,Elegant gift box,It is a nice durable box. Makes for a nice gift box.,POSITIVE,POSITIVE,True,joy,0.9,joy,0,2,0,0,3,0,2,1
121,3.0,Only Works some of the times,"I get Amazon, Visa and American Express gift cards as gifts, so I try to load them on Amazon to my Gift Card Balance online.<br />I have a 100% success rate with Amazon gift cards, about a 50% success rate loading Visa gift cards, and a 0% success rate loading American Express to my online Amazon balance.",NEUTRAL,NEUTRAL,True,anticipation,0.6,anticipation,0,7,0,0,7,0,4,0
122,1.0,what rip off!,"keep in mind their going to charge you<br /> $42.00 for a 100.00 gift certificate, would not of purhased if i had known that!",NEGATIVE,NEGATIVE,True,anger,0.95,anticipation,0,1,0,0,1,0,1,0
123,3.0,Gift receipt not received.,"The gift card is fine and arrived on time, but the gift reciept and message was not received.",NEUTRAL,NEGATIVE,False,sadness,0.7,anticipation,0,4,0,0,3,0,3,0
124,3.0,Yas,Yas,NEUTRAL,POSITIVE,False,joy,0.8,,0,0,0,0,0,0,0,0
125,1.0,Sorry card . Money wasted if can’t register card,Tried calling the number on the card and I put the damn 16 digit number in 4 times and it just keeps saying enter the 16 digit card number .,NEGATIVE,NEGATIVE,True,anger,0.95,anger,3,1,2,0,1,0,1,3
126,3.0,Delivery,The card itself was fine. But Amazon delivery left the package in my driveway.,NEUTRAL,NEGATIVE,False,anger,0.6,anticipation,0,2,0,0,0,0,0,0
127,5.0,Five Stars,It's the best looking Amazon gift card. My favorite.,POSITIVE,POSITIVE,True,joy,0.95,joy,0,1,0,0,2,0,1,1
128,5.0,Five Stars,My parents loved this gift and as did I with the added convenience of purchasing online.,POSITIVE,POSITIVE,True,joy,0.95,anticipation,0,1,0,0,1,0,1,0
129,1.0,Zero stars had to pick one,"Card was already scratched and used. Scumbags, get a job and do something useful with your life.",NEGATIVE,NEGATIVE,True,anger,0.98,,0,0,0,0,0,0,0,0
130,5.0,Rating - 5 stars,It was very easy to find and to place my order.  It was nice to get a $10.00 gift certificate but it would have been nicer to be able to use it on any order and not just from Amazon.,POSITIVE,NEUTRAL,False,trust,0.6,anger,1,1,0,1,1,1,1,0
131,1.0,Buyer Beware!,"I just tried to buy an iPod for my daughter with our gift cards from Christmas. It turns out you can only use one gift card per order. The call rep I spoke with acted like it was very generous that Amazon allows customers to combine both credit cards and gift cards in one order.  She repeatedly sited ""security reasons"" as why I could only use one gift card at a time.<br /><br />Considering Amazon issued the gift cards AND my credit card, I don't understand how they can't figure out security issues that would then allow me to actually use these things. I wouldn't have thought Amazon would be so petty as to cause customers to make multiple orders on low cost items and force cash or credit payments for higher cost ones, but that is obviously the case. It is even more irritating that they sell gift cards for $100 but I couldn't use two at $25. I will definitely NOT be buying any more gift cards from Amazon.",NEGATIVE,NEGATIVE,True,anger,0.95,anticipation,3,11,1,4,10,1,7,5
132,5.0,Easy Gifting,Love the card that came with it.  Made Christmas easy,POSITIVE,POSITIVE,True,joy,0.95,joy,0,0,0,0,1,0,0,0
133,3.0,Three Stars,It did.,NEUTRAL,NEUTRAL,True,trust,0.5,,0,0,0,0,0,0,0,0
134,3.0,Three Stars,Problem transferring to account.,NEUTRAL,NEGATIVE,False,anger,0.8,fear,0,0,0,1,0,1,0,1
135,3.0,Why didn't I receive my extra $10 for adding $100 to acct balance,Why did it not give me the $10 extra for my balance being $100 like it said,NEUTRAL,NEGATIVE,False,anger,0.9,,0,0,0,0,0,0,0,0
136,1.0,Waste of money,Pizza Hut did not accept this gift card.,NEGATIVE,NEGATIVE,True,anger,0.95,anticipation,1,2,1,0,2,1,2,1
137,3.0,Three Stars,Too slow for transactions.,NEUTRAL,NEGATIVE,False,anger,0.9,,0,0,0,0,0,0,0,0
138,3.0,Three Stars,It's fine.,NEUTRAL,NEUTRAL,True,trust,0.8,,0,0,0,0,0,0,0,0
139,5.0,Five Stars,love it,POSITIVE,POSITIVE,True,joy,0.95,joy,0,0,0,0,1,0,0,0
140,5.0,great!!,fast and easy!,POSITIVE,POSITIVE,True,joy,0.95,,0,0,0,0,0,0,0,0
141,1.0,CARD DID NOT WORK!!!!!,DO NOT BUY GIFT CARDS on Amazon - I did for a gift and it didn’t work. Paid 50 dollars!! Not sure if I will get a refund from Amazon!!!  Never did get a refund from Amazon!,NEGATIVE,NEGATIVE,True,anger,0.98,anticipation,0,2,0,0,2,0,2,0
142,1.0,Does not function like true gift card...,"This card will only let you redeem for 12 months of premium. It will not work with family, student, or any other discounts. Also, there is a limit on the number of months you can purchase with gift cards. Despite being listed correctly in terms, this card may not function as you would think if you have any special accounts.",NEGATIVE,NEGATIVE,True,anger,0.9,joy,0,2,0,0,4,0,2,2
143,3.0,IT DOESNT APPLY THE 10.00 dlls DISCOUNT OFFER AFTER RELOADING THE CARD,"Is definitely easy to use. However NEVER GIVES ME THE PROMISE PRICE!!!<br />Every time I’m offered to reload de card and offers me the 10.00 less/discount/promo/offer from for my order n shipment orinal price,  IT DOES’NT  APLIES The 10.00 less to the order.",NEUTRAL,NEGATIVE,False,anger,0.9,anticipation,0,1,0,0,1,0,0,1
144,1.0,One Star,I don't see any $10 gift for reloading $100. Scam.,NEGATIVE,NEGATIVE,True,anger,0.95,anticipation,0,2,0,0,2,0,1,1
145,3.0,several of these were torn!,I ordered 25 gift cards and several were wrinkled and/or torn!  This has never happened before.  I feel as though at least 5 ($125!) cards are unusable!,NEUTRAL,NEGATIVE,False,anger,0.95,anticipation,0,1,0,0,1,1,1,0
146,2.0,", please cancel my mistakes on the gift card it was accidentally  ordered",Don't like that there's not an option to cancel when a mistakes is made on amount I need that  0  balance cancel it was a mistakes order Diane Hicks 8702670677,NEGATIVE,NEGATIVE,True,anger,0.9,sadness,0,1,0,0,1,3,2,0
147,1.0,Worst experience ever as not able to use it on ...,Worst experience ever as not able to use it on both us and uk site or give it to someone.,NEGATIVE,NEGATIVE,True,anger,0.95,,0,0,0,0,0,0,0,0
148,2.0,gift card,"me and my husband went to this resturant for a date night away from the kids, the ambiances is great the steaks was fanatistic, however; the wait time with reservation was over an hour the salad had great presentation but was not appeasing, nor was the lobster flavorless tail. we have no anticipation of returning to this resturant. the only thumbs up that it recieves is the mouth watering steaks.",NEGATIVE,NEGATIVE,True,sadness,0.7,anticipation,0,4,0,0,1,0,2,0
149,3.0,Three Stars,OK,NEUTRAL,NEUTRAL,True,trust,0.6,,0,0,0,0,0,0,0,0
